category,path,files,bytes,reason
E,.tmp/brief-duplicates-01,16,420159,此前未能读取、现可盘点的 pytest 副本；以及本次对话的测试产物。保留测试代码和正式日志。
E,.tmp/brief-duplicates-02,798,17036845,此前未能读取、现可盘点的 pytest 副本；以及本次对话的测试产物。保留测试代码和正式日志。
E,.tmp/brief-duplicates-03,34,766997,此前未能读取、现可盘点的 pytest 副本；以及本次对话的测试产物。保留测试代码和正式日志。
E,.tmp/brief-duplicates-red,12,381372,此前未能读取、现可盘点的 pytest 副本；以及本次对话的测试产物。保留测试代码和正式日志。
E,.tmp/c-current-runner,156,7360383,此前未能读取、现可盘点的 pytest 副本；以及本次对话的测试产物。保留测试代码和正式日志。
E,.tmp/claim-audit-20260914,609,6585280,此前未能读取、现可盘点的 pytest 副本；以及本次对话的测试产物。保留测试代码和正式日志。
E,.tmp/component-boundaries-red,28,447676,此前未能读取、现可盘点的 pytest 副本；以及本次对话的测试产物。保留测试代码和正式日志。
E,.tmp/component-budget-green-20260925,17,11524,此前未能读取、现可盘点的 pytest 副本；以及本次对话的测试产物。保留测试代码和正式日志。
E,.tmp/component-budget-recovery-green2-20260926,53,36398,此前未能读取、现可盘点的 pytest 副本；以及本次对话的测试产物。保留测试代码和正式日志。
E,.tmp/component-budget-route-green-20260925,20,13642,此前未能读取、现可盘点的 pytest 副本；以及本次对话的测试产物。保留测试代码和正式日志。
E,.tmp/component-budget-route-red-20260925,10,8128,此前未能读取、现可盘点的 pytest 副本；以及本次对话的测试产物。保留测试代码和正式日志。
E,.tmp/component-build-red,2,30,此前未能读取、现可盘点的 pytest 副本；以及本次对话的测试产物。保留测试代码和正式日志。
E,.tmp/component-campaign-01,2,19,此前未能读取、现可盘点的 pytest 副本；以及本次对话的测试产物。保留测试代码和正式日志。
E,.tmp/component-campaign-02,43,4431241,此前未能读取、现可盘点的 pytest 副本；以及本次对话的测试产物。保留测试代码和正式日志。
E,.tmp/component-campaign-regression-01,184,1875230,此前未能读取、现可盘点的 pytest 副本；以及本次对话的测试产物。保留测试代码和正式日志。
E,.tmp/component-cli-03,1,61440,此前未能读取、现可盘点的 pytest 副本；以及本次对话的测试产物。保留测试代码和正式日志。
E,.tmp/component-continuation-full,537,7151595,此前未能读取、现可盘点的 pytest 副本；以及本次对话的测试产物。保留测试代码和正式日志。
E,.tmp/component-continuation-full2,595,8240448,此前未能读取、现可盘点的 pytest 副本；以及本次对话的测试产物。保留测试代码和正式日志。
E,.tmp/component-continuation-full3,37,22223,此前未能读取、现可盘点的 pytest 副本；以及本次对话的测试产物。保留测试代码和正式日志。
E,.tmp/component-continuation-full4,950,16482697,此前未能读取、现可盘点的 pytest 副本；以及本次对话的测试产物。保留测试代码和正式日志。
E,.tmp/component-continuation-green,363,4932438,此前未能读取、现可盘点的 pytest 副本；以及本次对话的测试产物。保留测试代码和正式日志。
E,.tmp/component-continuation-sealed,665,11924031,此前未能读取、现可盘点的 pytest 副本；以及本次对话的测试产物。保留测试代码和正式日志。
E,.tmp/component-draft-03,13,221741,此前未能读取、现可盘点的 pytest 副本；以及本次对话的测试产物。保留测试代码和正式日志。
E,.tmp/component-extraction-boundary-red,3,73674,此前未能读取、现可盘点的 pytest 副本；以及本次对话的测试产物。保留测试代码和正式日志。
E,.tmp/component-final-focused-01,35,571768,此前未能读取、现可盘点的 pytest 副本；以及本次对话的测试产物。保留测试代码和正式日志。
E,.tmp/component-final-routes-03,524,10991195,此前未能读取、现可盘点的 pytest 副本；以及本次对话的测试产物。保留测试代码和正式日志。
E,.tmp/component-full-public-01,400,8213304,此前未能读取、现可盘点的 pytest 副本；以及本次对话的测试产物。保留测试代码和正式日志。
E,.tmp/component-full-public-02,240,5233989,此前未能读取、现可盘点的 pytest 副本；以及本次对话的测试产物。保留测试代码和正式日志。
E,.tmp/component-green-02,12,168,此前未能读取、现可盘点的 pytest 副本；以及本次对话的测试产物。保留测试代码和正式日志。
E,.tmp/component-hosted-green-20260925,5,94566,此前未能读取、现可盘点的 pytest 副本；以及本次对话的测试产物。保留测试代码和正式日志。
E,.tmp/component-hosted-public-20260925,238,5712471,此前未能读取、现可盘点的 pytest 副本；以及本次对话的测试产物。保留测试代码和正式日志。
E,.tmp/component-hosted-public-20260925-02,238,5708932,此前未能读取、现可盘点的 pytest 副本；以及本次对话的测试产物。保留测试代码和正式日志。
E,.tmp/component-human-01,36,1365259,此前未能读取、现可盘点的 pytest 副本；以及本次对话的测试产物。保留测试代码和正式日志。
E,.tmp/component-identity-green-20260925,250,4112585,此前未能读取、现可盘点的 pytest 副本；以及本次对话的测试产物。保留测试代码和正式日志。
E,.tmp/component-identity-regression-03,126,1612327,此前未能读取、现可盘点的 pytest 副本；以及本次对话的测试产物。保留测试代码和正式日志。
E,.tmp/component-mapping-01,4,98241,此前未能读取、现可盘点的 pytest 副本；以及本次对话的测试产物。保留测试代码和正式日志。
E,.tmp/component-mm-boundary-01,3,20843,此前未能读取、现可盘点的 pytest 副本；以及本次对话的测试产物。保留测试代码和正式日志。
E,.tmp/component-old-bridge-02,430,3334125,此前未能读取、现可盘点的 pytest 副本；以及本次对话的测试产物。保留测试代码和正式日志。
E,.tmp/component-public-02,74,1403969,此前未能读取、现可盘点的 pytest 副本；以及本次对话的测试产物。保留测试代码和正式日志。
E,.tmp/component-public-03,157,2510113,此前未能读取、现可盘点的 pytest 副本；以及本次对话的测试产物。保留测试代码和正式日志。
E,.tmp/component-public-04,161,2684113,此前未能读取、现可盘点的 pytest 副本；以及本次对话的测试产物。保留测试代码和正式日志。
E,.tmp/component-public-policy-red,1,145,此前未能读取、现可盘点的 pytest 副本；以及本次对话的测试产物。保留测试代码和正式日志。
E,.tmp/component-public-red,56,1111073,此前未能读取、现可盘点的 pytest 副本；以及本次对话的测试产物。保留测试代码和正式日志。
E,.tmp/component-public-suite-02,497,10147716,此前未能读取、现可盘点的 pytest 副本；以及本次对话的测试产物。保留测试代码和正式日志。
E,.tmp/component-red-01,12,168,此前未能读取、现可盘点的 pytest 副本；以及本次对话的测试产物。保留测试代码和正式日志。
E,.tmp/component-regression-01,56,1576454,此前未能读取、现可盘点的 pytest 副本；以及本次对话的测试产物。保留测试代码和正式日志。
E,.tmp/component-repair-red,14,143479,此前未能读取、现可盘点的 pytest 副本；以及本次对话的测试产物。保留测试代码和正式日志。
E,.tmp/component-resume-success-01,25,725645,此前未能读取、现可盘点的 pytest 副本；以及本次对话的测试产物。保留测试代码和正式日志。
E,.tmp/component-review-campaign-red-20260926,8,180348,此前未能读取、现可盘点的 pytest 副本；以及本次对话的测试产物。保留测试代码和正式日志。
E,.tmp/component-review-cli-red-20260926,5,76417,此前未能读取、现可盘点的 pytest 副本；以及本次对话的测试产物。保留测试代码和正式日志。
E,.tmp/component-review-green-20260926,91,2271254,此前未能读取、现可盘点的 pytest 副本；以及本次对话的测试产物。保留测试代码和正式日志。
E,.tmp/component-review-green2-20260926,129,3370550,此前未能读取、现可盘点的 pytest 副本；以及本次对话的测试产物。保留测试代码和正式日志。
E,.tmp/component-review-green3-20260926,237,5824621,此前未能读取、现可盘点的 pytest 副本；以及本次对话的测试产物。保留测试代码和正式日志。
E,.tmp/component-review-red,1,24612,此前未能读取、现可盘点的 pytest 副本；以及本次对话的测试产物。保留测试代码和正式日志。
E,.tmp/component-review-red-20260926,65,993265,此前未能读取、现可盘点的 pytest 副本；以及本次对话的测试产物。保留测试代码和正式日志。
E,.tmp/component-s1-final-02,92,2397910,此前未能读取、现可盘点的 pytest 副本；以及本次对话的测试产物。保留测试代码和正式日志。
E,.tmp/component-s2-agent-baseline-01,1158,11320218,此前未能读取、现可盘点的 pytest 副本；以及本次对话的测试产物。保留测试代码和正式日志。
E,.tmp/component-s2-family-01,516,10363892,此前未能读取、现可盘点的 pytest 副本；以及本次对话的测试产物。保留测试代码和正式日志。
E,.tmp/component-s2-family-02,526,10930867,此前未能读取、现可盘点的 pytest 副本；以及本次对话的测试产物。保留测试代码和正式日志。
E,.tmp/component-s2-projection-green,3,37289,此前未能读取、现可盘点的 pytest 副本；以及本次对话的测试产物。保留测试代码和正式日志。
E,.tmp/component-s2-regression-01,4366,55766396,此前未能读取、现可盘点的 pytest 副本；以及本次对话的测试产物。保留测试代码和正式日志。
E,.tmp/component-s2-route-02,38,753979,此前未能读取、现可盘点的 pytest 副本；以及本次对话的测试产物。保留测试代码和正式日志。
E,.tmp/component-s2-route-red,22,215081,此前未能读取、现可盘点的 pytest 副本；以及本次对话的测试产物。保留测试代码和正式日志。
E,.tmp/component-single-edit-20260926,238,7059060,此前未能读取、现可盘点的 pytest 副本；以及本次对话的测试产物。保留测试代码和正式日志。
E,.tmp/component-stage-s1,56,1018164,此前未能读取、现可盘点的 pytest 副本；以及本次对话的测试产物。保留测试代码和正式日志。
E,.tmp/component-text-02,15,162420,此前未能读取、现可盘点的 pytest 副本；以及本次对话的测试产物。保留测试代码和正式日志。
E,.tmp/component-text-red,3,72317,此前未能读取、现可盘点的 pytest 副本；以及本次对话的测试产物。保留测试代码和正式日志。
E,.tmp/component-verifier-red,15,49935,此前未能读取、现可盘点的 pytest 副本；以及本次对话的测试产物。保留测试代码和正式日志。
E,.tmp/description-v11-01,25,293712,此前未能读取、现可盘点的 pytest 副本；以及本次对话的测试产物。保留测试代码和正式日志。
E,.tmp/echo-reference-green-20260925,253,5838757,此前未能读取、现可盘点的 pytest 副本；以及本次对话的测试产物。保留测试代码和正式日志。
E,.tmp/filling-compare-02,20,263219,此前未能读取、现可盘点的 pytest 副本；以及本次对话的测试产物。保留测试代码和正式日志。
E,.tmp/generation-stage-20260909,6670,87402420,此前未能读取、现可盘点的 pytest 副本；以及本次对话的测试产物。保留测试代码和正式日志。
E,.tmp/geometry-repair-regression,84,1595314,此前未能读取、现可盘点的 pytest 副本；以及本次对话的测试产物。保留测试代码和正式日志。
E,.tmp/geometry-repair-stage,84,1595284,此前未能读取、现可盘点的 pytest 副本；以及本次对话的测试产物。保留测试代码和正式日志。
E,.tmp/geometry-v13-final,370,4809943,此前未能读取、现可盘点的 pytest 副本；以及本次对话的测试产物。保留测试代码和正式日志。
E,.tmp/geometry-v13-quality,5,1863,此前未能读取、现可盘点的 pytest 副本；以及本次对话的测试产物。保留测试代码和正式日志。
E,.tmp/geometry-v13-regression,496,11640567,此前未能读取、现可盘点的 pytest 副本；以及本次对话的测试产物。保留测试代码和正式日志。
E,.tmp/hygiene-tests-green-20260929,1,16,此前未能读取、现可盘点的 pytest 副本；以及本次对话的测试产物。保留测试代码和正式日志。
E,.tmp/live-repair-property-admission-20260908-01,1673,141397318,此前未能读取、现可盘点的 pytest 副本；以及本次对话的测试产物。保留测试代码和正式日志。
E,.tmp/live-stage-generation-20260908-01,5610,74007925,此前未能读取、现可盘点的 pytest 副本；以及本次对话的测试产物。保留测试代码和正式日志。
E,.tmp/live-stage-repair-20260908-01,1193,532581532,此前未能读取、现可盘点的 pytest 副本；以及本次对话的测试产物。保留测试代码和正式日志。
E,.tmp/main-integration-dataset-checks-20260912,7,1106,此前未能读取、现可盘点的 pytest 副本；以及本次对话的测试产物。保留测试代码和正式日志。
E,.tmp/opening-campaign-scoped-20260926,87,6833833,此前未能读取、现可盘点的 pytest 副本；以及本次对话的测试产物。保留测试代码和正式日志。
E,.tmp/public-duplicates-01,1050,23616236,此前未能读取、现可盘点的 pytest 副本；以及本次对话的测试产物。保留测试代码和正式日志。
E,.tmp/pytest-budget-extension-green-20260910,326,4004272,此前未能读取、现可盘点的 pytest 副本；以及本次对话的测试产物。保留测试代码和正式日志。
E,.tmp/pytest-budget-extension-public-20260910,140,1773043,此前未能读取、现可盘点的 pytest 副本；以及本次对话的测试产物。保留测试代码和正式日志。
E,.tmp/pytest-budget-extension-red-20260910,9,3395,此前未能读取、现可盘点的 pytest 副本；以及本次对话的测试产物。保留测试代码和正式日志。
E,.tmp/pytest-failure-owner-green-20260910,172,1312495,此前未能读取、现可盘点的 pytest 副本；以及本次对话的测试产物。保留测试代码和正式日志。
E,.tmp/pytest-failure-owner-red-20260910,26,19716,此前未能读取、现可盘点的 pytest 副本；以及本次对话的测试产物。保留测试代码和正式日志。
E,.tmp/pytest-failure-recovery-scoped-20260910,1393,15570671,此前未能读取、现可盘点的 pytest 副本；以及本次对话的测试产物。保留测试代码和正式日志。
E,.tmp/pytest-geometry-skip-guard-20260910,3,239,此前未能读取、现可盘点的 pytest 副本；以及本次对话的测试产物。保留测试代码和正式日志。
E,.tmp/pytest-ifc2text-merge-20260928-02,3856,72449196,此前未能读取、现可盘点的 pytest 副本；以及本次对话的测试产物。保留测试代码和正式日志。
E,.tmp/repair-acl-red,16,28282,此前未能读取、现可盘点的 pytest 副本；以及本次对话的测试产物。保留测试代码和正式日志。
E,.tmp/repair-batch-red,19,44523,此前未能读取、现可盘点的 pytest 副本；以及本次对话的测试产物。保留测试代码和正式日志。
E,.tmp/repair-comparison-denominator-red-20260929,28,53848,此前未能读取、现可盘点的 pytest 副本；以及本次对话的测试产物。保留测试代码和正式日志。
E,.tmp/repair-comparison-edge-red-20260929,43,54591,此前未能读取、现可盘点的 pytest 副本；以及本次对话的测试产物。保留测试代码和正式日志。
E,.tmp/repair-comparison-final-25-20260929,261,489484,此前未能读取、现可盘点的 pytest 副本；以及本次对话的测试产物。保留测试代码和正式日志。
E,.tmp/repair-comparison-final-tests-20260929,259,485862,此前未能读取、现可盘点的 pytest 副本；以及本次对话的测试产物。保留测试代码和正式日志。
E,.tmp/repair-comparison-green-20260929,195,242665,此前未能读取、现可盘点的 pytest 副本；以及本次对话的测试产物。保留测试代码和正式日志。
E,.tmp/repair-comparison-host-red-20260929,28,49820,此前未能读取、现可盘点的 pytest 副本；以及本次对话的测试产物。保留测试代码和正式日志。
E,.tmp/repair-comparison-mutation-regression-20260929,15,6457036,此前未能读取、现可盘点的 pytest 副本；以及本次对话的测试产物。保留测试代码和正式日志。
E,.tmp/repair-comparison-verified-20260929,132,330427,此前未能读取、现可盘点的 pytest 副本；以及本次对话的测试产物。保留测试代码和正式日志。
E,.tmp/repair-final,380,922137,此前未能读取、现可盘点的 pytest 副本；以及本次对话的测试产物。保留测试代码和正式日志。
E,.tmp/repair-ledger-green,13,425984,此前未能读取、现可盘点的 pytest 副本；以及本次对话的测试产物。保留测试代码和正式日志。
E,.tmp/repair-maintenance-final,377,918848,此前未能读取、现可盘点的 pytest 副本；以及本次对话的测试产物。保留测试代码和正式日志。
E,.tmp/repair-maintenance-green,321,569654,此前未能读取、现可盘点的 pytest 副本；以及本次对话的测试产物。保留测试代码和正式日志。
E,.tmp/repair-maintenance-red,49,81377,此前未能读取、现可盘点的 pytest 副本；以及本次对话的测试产物。保留测试代码和正式日志。
E,.tmp/repair-native-invalid-red-20260929,14,26861,此前未能读取、现可盘点的 pytest 副本；以及本次对话的测试产物。保留测试代码和正式日志。
E,.tmp/repair-natural-green-20260929,324,573670,此前未能读取、现可盘点的 pytest 副本；以及本次对话的测试产物。保留测试代码和正式日志。
E,.tmp/repair-natural-method-green-20260929,1,2252,此前未能读取、现可盘点的 pytest 副本；以及本次对话的测试产物。保留测试代码和正式日志。
E,.tmp/repair-natural-method-red-20260929,16,28392,此前未能读取、现可盘点的 pytest 副本；以及本次对话的测试产物。保留测试代码和正式日志。
E,.tmp/repair-natural-red-20260929,64,124560,此前未能读取、现可盘点的 pytest 副本；以及本次对话的测试产物。保留测试代码和正式日志。
E,.tmp/repair-runtime-green,116,896139,此前未能读取、现可盘点的 pytest 副本；以及本次对话的测试产物。保留测试代码和正式日志。
E,.tmp/repair-viewer-green,18,44046,此前未能读取、现可盘点的 pytest 副本；以及本次对话的测试产物。保留测试代码和正式日志。
E,.tmp/repair-viewer-red,2,4504,此前未能读取、现可盘点的 pytest 副本；以及本次对话的测试产物。保留测试代码和正式日志。
E,.tmp/space-v13-green,8,12282,此前未能读取、现可盘点的 pytest 副本；以及本次对话的测试产物。保留测试代码和正式日志。
E,.tmp/space-v13-green2,8,12282,此前未能读取、现可盘点的 pytest 副本；以及本次对话的测试产物。保留测试代码和正式日志。
E,.tmp/space-v13-green3,10,16245,此前未能读取、现可盘点的 pytest 副本；以及本次对话的测试产物。保留测试代码和正式日志。
E,.tmp/space-v13-green4,10,16245,此前未能读取、现可盘点的 pytest 副本；以及本次对话的测试产物。保留测试代码和正式日志。
E,.tmp/test-isolated-01,4,148579,此前未能读取、现可盘点的 pytest 副本；以及本次对话的测试产物。保留测试代码和正式日志。
E,.tmp/wall-frame-scoped-20260926,310,5839852,此前未能读取、现可盘点的 pytest 副本；以及本次对话的测试产物。保留测试代码和正式日志。
E,.tmp/wall-frame-scoped-r2-20260926,1183,24483985,此前未能读取、现可盘点的 pytest 副本；以及本次对话的测试产物。保留测试代码和正式日志。
E,.tmp/wall-outline-green,12,68469,此前未能读取、现可盘点的 pytest 副本；以及本次对话的测试产物。保留测试代码和正式日志。
E,.tmp/wall-outline-red2,10,64506,此前未能读取、现可盘点的 pytest 副本；以及本次对话的测试产物。保留测试代码和正式日志。
E,.tmp/zcode-refactor-baseline,5,1485,此前未能读取、现可盘点的 pytest 副本；以及本次对话的测试产物。保留测试代码和正式日志。
F,dataset/processed/experiments/component-v26-building-continuation-20260926-02/validation/pytest-temp,2875,37189675,嵌在实验中的测试工作目录；只删除测试夹具，成功模型、日志、JUnit 和验收记录保留。
F,dataset/processed/experiments/component-v26-building-continuation-20260926-05/validation/pytest-temp,4026,72034926,嵌在实验中的测试工作目录；只删除测试夹具，成功模型、日志、JUnit 和验收记录保留。
F,dataset/processed/experiments/component-v26-building-continuation-20260926-06/validation/pytest-temp,2864,43300402,嵌在实验中的测试工作目录；只删除测试夹具，成功模型、日志、JUnit 和验收记录保留。
F,dataset/processed/experiments/component-v26-building-continuation-20260926-07/validation/pytest-temp,769,8281358,嵌在实验中的测试工作目录；只删除测试夹具，成功模型、日志、JUnit 和验收记录保留。
F,dataset/processed/experiments/component-v26-building-continuation-20260926-08/validation/pytest-temp,3065,48077474,嵌在实验中的测试工作目录；只删除测试夹具，成功模型、日志、JUnit 和验收记录保留。
F,dataset/processed/experiments/component-v26-building-loop-20260926-01/validation/pytest-temp,5734,102045161,嵌在实验中的测试工作目录；只删除测试夹具，成功模型、日志、JUnit 和验收记录保留。
F,dataset/processed/experiments/component-v26-building-loop-20260926-02/validation/pytest-temp,1483,34410856,嵌在实验中的测试工作目录；只删除测试夹具，成功模型、日志、JUnit 和验收记录保留。
F,dataset/processed/experiments/component-v26-building-loop-20260926-03/validation/pytest-temp,1408,32550932,嵌在实验中的测试工作目录；只删除测试夹具，成功模型、日志、JUnit 和验收记录保留。
F,dataset/processed/experiments/component-v26-hosted-loop-20260925-01/validation/pytest-temp,5110,84558074,嵌在实验中的测试工作目录；只删除测试夹具，成功模型、日志、JUnit 和验收记录保留。
F,dataset/processed/experiments/component-v26-hosted-loop-20260925-02/validation/pytest-temp,1918,42645800,嵌在实验中的测试工作目录；只删除测试夹具，成功模型、日志、JUnit 和验收记录保留。
F,dataset/processed/experiments/component-v26-hosted-loop-20260925-03/validation/pytest-temp,1954,43409375,嵌在实验中的测试工作目录；只删除测试夹具，成功模型、日志、JUnit 和验收记录保留。
F,dataset/processed/experiments/component-v26-hosted-loop-20260925-04/validation/pytest-temp,2861,53683530,嵌在实验中的测试工作目录；只删除测试夹具，成功模型、日志、JUnit 和验收记录保留。
F,dataset/processed/experiments/component-v26-single-loop-20260925-01/validation/pytest-temp,4074,61705272,嵌在实验中的测试工作目录；只删除测试夹具，成功模型、日志、JUnit 和验收记录保留。
F,dataset/processed/experiments/component-v26-single-loop-20260925-02/validation/pytest-temp,622,17797477,嵌在实验中的测试工作目录；只删除测试夹具，成功模型、日志、JUnit 和验收记录保留。
F,dataset/processed/experiments/component-v26-single-loop-20260925-03/validation/pytest-temp,4854,78668544,嵌在实验中的测试工作目录；只删除测试夹具，成功模型、日志、JUnit 和验收记录保留。
F,dataset/processed/experiments/component-v26-single-loop-20260925-04/validation/pytest-temp,1822,38964206,嵌在实验中的测试工作目录；只删除测试夹具，成功模型、日志、JUnit 和验收记录保留。
F,dataset/processed/experiments/ifc2text-geometry-debug-20260922/audit-and-roundtrip/validation/tmp,3226,36913449,嵌在实验中的测试工作目录；只删除测试夹具，成功模型、日志、JUnit 和验收记录保留。
F,dataset/processed/experiments/ifc2text-rerun-20260922/material-list-continuation/validation/pytest-temp,3193,38677654,嵌在实验中的测试工作目录；只删除测试夹具，成功模型、日志、JUnit 和验收记录保留。
F,dataset/processed/experiments/ifc2text-rerun-20260922/validation/pytest-temp,2936,34522175,嵌在实验中的测试工作目录；只删除测试夹具，成功模型、日志、JUnit 和验收记录保留。
G,dataset/processed/experiments/component-v26-single-loop-20260925-01,21,876475,未生成成功正式结果的旧尝试；后续成功案例引用到的文件另行保留，已提交失败结论继续可查。
G,dataset/processed/experiments/component-v26-single-loop-20260925-03,31,810103,未生成成功正式结果的旧尝试；后续成功案例引用到的文件另行保留，已提交失败结论继续可查。
G,dataset/processed/experiments/component-v26-hosted-loop-20260925-02,21,773462,未生成成功正式结果的旧尝试；后续成功案例引用到的文件另行保留，已提交失败结论继续可查。
G,dataset/processed/experiments/component-v26-hosted-loop-20260925-03,127,5082588,未生成成功正式结果的旧尝试；后续成功案例引用到的文件另行保留，已提交失败结论继续可查。
G,dataset/processed/experiments/component-v26-hosted-loop-20260925-04,22,717633,未生成成功正式结果的旧尝试；后续成功案例引用到的文件另行保留，已提交失败结论继续可查。
G,dataset/processed/experiments/component-v26-building-loop-20260926-01,14,864202,未生成成功正式结果的旧尝试；后续成功案例引用到的文件另行保留，已提交失败结论继续可查。
G,dataset/processed/experiments/component-v26-building-loop-20260926-02,89,8446261,未生成成功正式结果的旧尝试；后续成功案例引用到的文件另行保留，已提交失败结论继续可查。
G,dataset/processed/experiments/component-v26-building-loop-20260926-03,53,4468369,未生成成功正式结果的旧尝试；后续成功案例引用到的文件另行保留，已提交失败结论继续可查。
G,dataset/processed/experiments/component-v26-building-loop-20260926-04,101,15506811,未生成成功正式结果的旧尝试；后续成功案例引用到的文件另行保留，已提交失败结论继续可查。
G,dataset/processed/experiments/component-v26-building-loop-20260926-05,3,131609,未生成成功正式结果的旧尝试；后续成功案例引用到的文件另行保留，已提交失败结论继续可查。
G,dataset/processed/experiments/component-v26-building-loop-20260926-06,84,10889104,未生成成功正式结果的旧尝试；后续成功案例引用到的文件另行保留，已提交失败结论继续可查。
H,.tmp/retired-worktrees/main-integration-20260912/local-artifacts.zip,1,591070666,5 份独有 RVT 及 414 个历史成功复核文件已原字节保存并逐项校验；剩余主要是旧测试副本。保留恢复索引并更新旧 ZIP 恢复说明。
I,.tmp/repository-hygiene-20260929/disk-files.json,1,27211709,本次对话的一次性扫描与重复盘点数据；保留代码、审批白名单、执行摘要和成功证据，不保留这些中间副本。
I,.tmp/repository-hygiene-20260929/disk-groups.json,1,113161,本次对话的一次性扫描与重复盘点数据；保留代码、审批白名单、执行摘要和成功证据，不保留这些中间副本。
I,.tmp/repository-hygiene-20260929/untracked-before.json,1,4552873,本次对话的一次性扫描与重复盘点数据；保留代码、审批白名单、执行摘要和成功证据，不保留这些中间副本。
I,.tmp/repository-hygiene-20260929/status-before.bin,1,3019223,本次对话的一次性扫描与重复盘点数据；保留代码、审批白名单、执行摘要和成功证据，不保留这些中间副本。
I,.tmp/repository-hygiene-20260929/temp-candidates.json,1,2220880,本次对话的一次性扫描与重复盘点数据；保留代码、审批白名单、执行摘要和成功证据，不保留这些中间副本。
I,docs/reports/repository-hygiene-20260929/EXECUTED-ABC.jsonl,1,5725398,逐行重复了 DELETE-FILES.csv 的 A–C；保留审批白名单、无跳过的执行摘要和复核结果即可。
J,src/**/__pycache__/*.pyc,265,4329587,Python 编译缓存；逐项确认对应 .py 源文件仍在，排除已跟踪文件、虚拟环境与依赖目录。
J,scripts/**/__pycache__/*.pyc,219,2478533,Python 编译缓存；逐项确认对应 .py 源文件仍在，排除已跟踪文件、虚拟环境与依赖目录。
J,tests/**/__pycache__/*.pyc,817,13563992,Python 编译缓存；逐项确认对应 .py 源文件仍在，排除已跟踪文件、虚拟环境与依赖目录。
