case_id,arm,status,strict_success,components,relations,calls,known_tokens,unknown_calls,active_seconds,model,source_record
formal-001,B,submitted,True,1/1,2/2,6,87484,0,183.76598381996155,deepseek-v4-flash,../history/b-first-five/runs/formal-001-B/records.zip
formal-002,B,submitted,True,2/2,6/6,4,59812,0,188.38854956626892,deepseek-v4-flash,../history/b-first-five/runs/formal-002-B/records.zip
formal-003,B,submitted,True,2/2,6/6,7,174850,0,316.0254077911377,deepseek-v4-flash,../history/b-first-five/runs/formal-003-B/records.zip
formal-004,B,submitted,True,1/1,3/3,3,41480,0,89.07275390625,deepseek-v4-flash,../history/b-first-five/runs/formal-004-B/records.zip
formal-005,B,submitted,True,2/2,6/6,5,89175,0,206.48895049095154,deepseek-v4-flash,../history/b-005-new-live/runs/formal-005-B/records.zip
formal-006,B,submitted,True,1/1,3/3,4,77028,0,147.9865963459015,deepseek-v4-flash,../history/b-next-five/runs/formal-006-B/records.zip
formal-007,B,no_output,False,0/1,0/3,6,103293,0,177.91574692726135,deepseek-v4-flash,../history/b-next-five/runs/formal-007-B/records.zip
formal-008,B,submitted,True,2/2,4/4,4,61862,0,155.05518770217896,deepseek-v4-flash,../history/b-next-five/runs/formal-008-B/records.zip
formal-009,B,submitted,True,3/3,6/6,3,63671,0,136.7451479434967,deepseek-v4-flash,../history/b-next-five/runs/formal-009-B/records.zip
formal-010,B,submitted,True,3/3,9/9,6,94021,0,208.89314436912537,deepseek-v4-flash,../history/b-next-five/runs/formal-010-B/records.zip
